{
    "S\u00e3o Jorge - RS": [
        -28.496389,
        -51.706667
    ],
    "ARACI THEREZINHA FABRIS DAROS": [
        -28.5008704,
        -51.7057256
    ],
    "PEDRO MOACIR FELIPPI": [
        -28.500555,
        -51.644722
    ],
    "ISERTINO ROMEO CONTE": [
        -28.5025,
        -51.63
    ],
    "GELSON BORGES VIEIRA": [
        -28.499722,
        -51.65
    ],
    "JOSE DOMINGOS SIMIONI": [
        -28.490833,
        -51.659722
    ],
    "ANTONIO SIMIONI": [
        -28.489999,
        -51.658888
    ],
    "ADEMIR BASSOLI": [
        -28.481944,
        -51.667222
    ],
    "DIONISIO BRESOLIN": [
        -28.4825,
        -51.662777
    ],
    "PEDRINHO POLLI": [
        -28.493611,
        -51.6625
    ],
    "EDEGAR POLLI": [
        -28.498055,
        -51.665555
    ],
    "ADAIR JOSE PONTEL": [
        -28.51,
        -51.654444
    ],
    "WALTER VIAPIANA": [
        -28.506944,
        -51.65
    ],
    "ULISSES VIAPIANA": [
        -28.5001528,
        -51.7051189
    ],
    "Nova Prata - RS": [
        -28.779167,
        -51.611944
    ],
    "TESTE": "0,0"
}